,City,Latitude,Longitude,Temperature(F),Humidity,Wind Speed (MPH),Cloudiness
0,Thompson,55.74,-97.86,32.0,50,5.82,40
1,Mar del Plata,-46.43,-67.52,61.94,35,11.79,0
2,Inhambane,-23.87,35.38,75.98,100,7.43,92
3,Atuona,-9.8,-139.03,83.09,99,13.02,20
4,Saint Anthony,43.97,-111.68,50.0,43,21.92,75
5,Tuktoyaktuk,69.44,-133.03,5.0,77,13.87,40
6,Nhulunbuy,-12.18,136.78,77.0,100,4.7,90
7,Saldanha,41.42,-6.55,38.9,94,6.98,80
8,Chokurdakh,70.62,147.9,18.02,100,6.08,68
9,Potcoava,44.47,24.63,50.0,66,12.75,0
10,Shingu,33.72,135.99,62.6,77,2.24,0
11,Bundaberg,-24.87,152.35,82.99,57,9.17,40
12,Nanortalik,60.14,-45.24,32.06,91,17.27,68
13,Rio Gallegos,-51.62,-69.22,50.0,53,21.92,20
14,Provideniya,64.42,-173.23,17.21,100,5.75,36
15,Hermanus,-34.42,19.24,62.01,88,5.99,48
16,Pevek,69.7,170.27,11.99,93,6.2,0
17,Broken Hill,-31.97,141.45,68.0,42,11.41,0
18,At-Bashi,41.17,75.81,26.84,91,1.72,48
19,Rikitea,-23.12,-134.97,78.14,100,12.8,24
20,Talnakh,69.49,88.39,16.58,88,11.34,76
21,Mataura,-46.19,168.86,55.99,66,1.01,0
22,Bethel,60.79,-161.76,37.4,51,14.99,1
23,Albany,42.65,-73.75,55.4,47,11.41,40
24,Zhigansk,66.77,123.37,24.41,72,5.19,0
25,Chemal,51.41,86.0,27.29,79,2.73,32
26,Bougouni,11.42,-7.49,84.98,44,4.52,80
27,Kununurra,-15.77,128.74,80.6,83,4.7,56
28,Tessalit,20.2,1.01,64.37,27,7.54,0
29,Gull Lake,50.1,-108.48,59.0,33,17.22,75
30,Caravelas,-17.73,-39.27,82.73,97,13.8,0
31,Marsh Harbour,26.54,-77.06,75.98,100,10.22,24
32,Kapaa,22.08,-159.32,84.2,51,10.29,40
33,Xam Nua,20.42,104.04,60.41,90,1.83,0
34,Avarua,-21.21,-159.78,80.6,65,12.75,48
35,Paris,48.86,2.35,55.4,71,4.7,0
36,Bathsheba,13.22,-59.52,78.8,65,19.46,20
37,Punta Arenas,-53.16,-70.91,44.6,75,39.15,20
38,Cape Town,-33.93,18.42,64.4,72,11.41,0
39,Faya,18.39,42.45,62.6,59,11.41,0
40,Aklavik,68.22,-135.01,17.6,52,2.24,75
41,Khatanga,71.98,102.47,16.58,94,10.33,88
42,Puranpur,28.51,80.15,65.09,74,3.74,0
43,Yellowknife,62.45,-114.38,21.2,57,14.99,90
44,Ancud,-41.87,-73.83,55.4,100,11.41,90
45,Chuy,-33.69,-53.46,63.56,87,5.19,92
46,Nome,30.04,-94.42,77.0,94,5.82,90
47,Dikson,73.51,80.55,14.96,100,3.4,80
48,Miri,10.31,9.75,84.98,35,1.39,88
49,Ushuaia,-54.81,-68.31,37.4,86,4.7,90
50,Sabang,13.72,123.58,80.39,88,3.62,44
51,Prado,-17.34,-39.22,82.91,93,13.69,48
52,Chernyshevskiy,63.01,112.47,22.43,72,7.76,64
53,Birao,10.3,22.78,69.14,32,4.63,0
54,Iturama,-19.73,-50.2,74.81,94,2.51,56
55,Carnarvon,-30.97,22.13,47.72,76,6.64,0
56,Qaanaaq,77.48,-69.36,12.89,87,11.01,80
57,Hasaki,35.73,140.83,59.0,77,10.29,75
58,Sarkand,45.41,79.91,39.44,83,6.2,12
59,Pemberton,-34.44,116.03,60.32,77,6.98,48
60,Jamestown,-33.21,138.6,66.62,47,7.65,0
61,Mahebourg,-20.41,57.7,80.6,69,11.41,75
62,Bongandanga,1.51,21.07,73.46,94,1.95,68
63,San Ramon,12.92,-85.84,80.6,44,2.39,20
64,Havre-Saint-Pierre,50.23,-63.6,30.2,86,13.87,40
65,Sitka,37.17,-99.65,66.99,64,11.99,44
66,Georgetown,6.8,-58.16,82.4,83,11.41,20
67,Tasiilaq,65.61,-37.64,28.4,63,35.57,92
68,Isangel,-19.55,169.27,77.6,100,13.58,0
69,Cherskiy,68.75,161.3,16.04,72,2.39,0
70,Cidreira,-30.17,-50.22,69.41,96,7.76,100
71,Kandrian,-6.21,149.55,81.11,91,2.84,32
72,Batemans Bay,-35.71,150.18,64.99,76,3.06,0
73,New Norfolk,-42.78,147.06,64.0,58,16.11,75
74,Vaini,15.34,74.49,65.36,88,1.05,0
75,Kodiak,39.95,-94.76,73.4,15,11.41,1
76,College,64.86,-147.8,41.0,40,9.17,75
77,Kadnikov,59.5,40.34,20.99,71,2.95,0
78,Wagar,31.44,-87.99,77.0,85,4.74,88
79,Port Alfred,-33.59,26.89,61.0,90,1.99,8
80,Ponta do Sol,-20.63,-46.0,67.16,90,3.18,24
81,Camacha,33.08,-16.33,62.6,82,14.99,40
82,Bambous Virieux,-20.34,57.76,80.6,69,11.41,75
83,Pundaguitan,6.37,126.17,80.3,100,7.09,68
84,Uddevalla,58.35,11.94,46.0,93,2.24,24
85,Arraial do Cabo,-22.97,-42.02,80.6,94,3.36,0
86,Umm Kaddadah,13.6,26.69,63.02,25,3.62,0
87,Hithadhoo,-0.6,73.08,84.08,100,6.76,0
88,Hilo,19.71,-155.08,82.4,58,13.87,20
89,Lorengau,-2.02,147.27,84.44,94,6.2,32
90,Hit,33.64,42.83,58.88,74,5.53,80
91,Iqaluit,63.75,-68.52,19.4,92,2.24,90
92,Trapani,38.02,12.54,60.01,81,4.7,20
93,Port Elizabeth,39.31,-74.98,64.4,48,6.93,1
94,Butaritari,3.07,172.79,79.22,100,6.76,80
95,Balkanabat,39.51,54.36,56.99,82,3.85,36
96,Gornopravdinsk,60.06,69.92,20.72,77,4.63,8
97,Enshi,30.29,109.48,51.86,69,2.39,0
98,LUGOBA,-6.46,38.33,72.92,98,2.73,92
99,Hobart,-42.88,147.33,64.0,58,16.11,75
100,Verkh-Usugli,52.7,115.17,25.22,60,5.19,24
101,Esperance,10.24,-61.45,80.01,74,10.29,20
102,Kristiansund,63.12,7.73,41.0,69,9.17,48
103,Finschhafen,-6.6,147.85,77.24,90,1.28,80
104,Zalegoshch,52.9,36.89,23.24,67,2.95,0
105,Hay River,60.82,-115.79,32.0,53,12.75,90
106,Angatuba,-23.49,-48.41,70.13,97,5.97,68
107,Longyearbyen,78.22,15.63,17.6,57,19.46,20
108,Bandarbeyla,9.49,50.81,80.03,100,2.73,0
109,Madison,43.07,-89.38,64.4,55,14.99,75
110,Labuhan,-2.54,115.51,74.45,96,1.05,80
111,Guayata,4.96,-73.49,74.09,64,1.5,48
112,Monrovia,6.33,-10.8,80.6,88,6.87,20
113,Salamiyah,35.01,37.05,47.09,92,2.84,80
114,Gwadar,25.12,62.33,77.69,74,7.87,8
115,Sept-Iles,50.2,-66.38,35.01,77,3.36,75
116,Yulara,-25.24,130.99,68.0,42,6.93,0
117,Ivanteyevka,55.97,37.92,37.0,82,2.62,75
118,Zyryanka,65.73,150.89,19.64,80,3.4,20
119,Guarapuava,-25.4,-51.46,66.44,98,1.83,92
120,Nouadhibou,20.93,-17.03,66.2,55,23.04,0
121,Puerto Ayora,-0.74,-90.35,82.4,74,13.87,20
122,Onalaska,43.88,-91.23,64.99,59,10.29,1
123,Salalah,17.01,54.1,78.8,78,4.7,40
124,Bredasdorp,-34.53,20.04,64.4,82,6.93,0
125,Panaba,21.28,-88.27,86.06,47,13.24,0
126,Kaitangata,-46.28,169.85,57.0,47,4.0,0
127,Selfoss,63.94,-21.0,39.99,55,9.17,0
128,Abu Zabad,12.35,29.25,62.48,47,2.84,0
129,Beringovskiy,63.05,179.32,12.98,100,23.09,44
130,Yar-Sale,66.83,70.83,23.51,79,19.73,0
131,Pitlochry,56.7,-3.73,46.0,100,13.87,90
132,Vanavara,60.35,102.28,22.43,80,6.31,0
133,Avera,33.19,-82.53,69.8,100,4.7,90
134,Port Hardy,50.7,-127.42,44.6,93,5.82,90
135,Mudanjiang,44.58,129.6,38.45,62,5.75,8
136,Saskylakh,71.97,114.09,20.36,84,18.5,44
137,Burnie,-41.05,145.91,61.0,84,5.01,92
138,Palauig,15.44,119.9,79.22,94,3.62,8
139,Nikolskoye,59.7,30.79,36.0,69,2.24,0
140,Klaksvik,62.23,-6.59,41.0,97,12.75,36
141,Kenai,60.55,-151.26,44.01,60,6.93,40
142,Umkomaas,-30.21,30.8,66.0,95,2.62,8
143,Kolyvan,55.31,82.74,32.0,90,6.71,75
144,Kangaatsiaq,68.31,-53.46,34.22,77,24.2,32
145,Severo-Kurilsk,50.68,156.12,32.78,93,24.87,92
146,Saint George,39.45,22.34,53.6,87,2.17,75
147,Koumac,-20.56,164.28,79.85,72,5.53,0
148,Kondopoga,62.21,34.27,24.8,92,2.73,0
149,Pochutla,15.74,-96.47,90.0,46,11.41,40
150,Araceli,10.55,119.99,82.19,98,9.44,20
151,Pisco,-13.71,-76.2,71.6,30,12.75,0
152,Barrow,-38.31,-60.23,64.46,45,12.01,0
153,Manzil Salim,35.86,8.48,37.4,93,3.36,20
154,Fare,-16.7,-151.02,85.34,95,15.7,68
155,Huarmey,-10.07,-78.15,69.95,72,3.18,20
156,Karoi,-16.82,29.68,71.03,58,11.79,56
157,Astana,51.13,71.43,26.6,100,2.73,0
158,Manta,45.1,24.1,46.82,59,8.77,44
159,Hohhot,40.81,111.65,37.4,37,4.47,0
160,Loucovice,48.62,14.26,46.99,65,9.17,0
161,Riyadh,24.63,46.72,77.0,29,4.7,40
162,Soe,57.91,26.05,39.99,59,4.7,12
163,Nizwa,22.93,57.53,62.03,40,3.85,24
164,West Plains,36.73,-91.85,70.0,52,12.75,1
165,Hovd,63.83,10.7,41.0,84,14.99,75
166,Buriti Alegre,-18.14,-49.04,73.28,94,2.95,56
167,Nieuw Nickerie,5.94,-56.99,80.84,93,15.59,68
168,Castro,-42.48,-73.76,55.4,100,11.41,90
169,Gonzalez,8.39,-73.38,79.22,44,3.62,20
170,Mnogovershinnyy,53.94,139.92,28.37,83,3.4,68
171,Te Anau,-45.41,167.72,54.38,50,3.62,0
172,Codrington,-28.95,153.24,77.0,64,4.7,0
173,Bahia Blanca,-38.72,-62.27,67.34,59,5.75,0
174,Raudeberg,61.99,5.14,42.8,60,10.29,8
175,Westport,53.8,-9.52,45.0,86,3.96,32
176,Shirpur,21.35,74.88,71.12,70,7.43,0
177,Ushtobe,45.25,77.98,35.48,94,3.62,0
178,Villa Carlos Paz,-31.42,-64.5,59.0,72,8.05,0
179,Acapulco,16.86,-99.88,82.4,78,11.41,5
180,Lebu,8.96,38.73,60.8,67,5.82,0
181,Lompoc,34.64,-120.46,71.01,68,11.41,1
182,Bayan,47.25,107.54,14.96,68,3.06,8
183,Torbay,47.66,-52.73,35.01,59,13.87,90
184,Zambezi,-13.55,23.12,71.39,72,9.55,76
185,Encruzilhada do Sul,-30.54,-52.52,65.0,95,6.76,64
186,Manicore,-5.81,-61.3,81.47,78,3.4,8
187,Santa Lucia,39.93,9.66,48.2,81,9.17,5
188,Alice Springs,-23.7,133.88,73.4,40,1.12,0
189,Fort Nelson,58.81,-122.69,30.2,74,2.24,90
190,Saint-Philippe,45.36,-73.48,44.6,70,9.17,1
191,Maceio,-9.67,-35.74,77.0,88,5.82,0
192,Itarema,-2.92,-39.92,71.21,100,9.66,100
193,Wajima,37.4,136.9,51.8,37,2.24,75
194,Marion,35.21,-90.2,77.0,73,9.17,90
195,General Pico,-35.66,-63.75,63.29,36,9.22,0
196,Camopi,3.17,-52.33,80.12,70,4.74,76
197,Aketi,2.74,23.78,76.79,89,2.17,64
198,Kavieng,-2.57,150.8,82.82,100,4.74,92
199,Lazaro Cardenas,28.39,-105.62,71.6,18,5.82,40
200,Sindgi,16.92,76.23,71.03,57,5.53,0
201,Onega,63.91,38.09,24.14,74,5.41,0
202,Tiksi,71.64,128.87,20.18,73,4.41,0
203,Sao Joao da Barra,-21.64,-41.05,80.6,78,4.7,20
204,Gazanjyk,39.24,55.52,55.91,88,10.67,8
205,Falmouth,50.16,-5.07,53.01,75,13.87,76
206,Menongue,-14.66,17.68,63.83,86,2.39,32
207,Bagotville,-28.98,153.42,77.0,64,4.7,0
208,Sur,22.57,59.53,81.29,80,8.1,20
209,Paita,-5.09,-81.11,62.6,290,12.75,0
210,Rocha,-34.48,-54.34,59.78,76,4.74,88
211,Jinxiang,35.07,116.31,62.01,32,6.08,0
212,Bluff,-23.58,149.07,79.04,51,10.33,0
213,East London,-33.02,27.91,68.96,100,15.93,32
214,Tautira,-17.73,-149.15,89.6,66,5.82,40
215,Masallatah,32.62,14.0,50.69,86,5.75,0
216,Brae,60.4,-1.35,44.6,70,20.8,36
217,Berlevag,70.86,29.09,28.46,100,12.24,32
218,Rockland,42.13,-70.92,60.8,81,6.31,1
219,Krasnyye Barrikady,46.2,47.86,50.0,93,8.95,90
220,Balkhash,46.84,74.98,35.12,73,13.47,0
221,Kruisfontein,-34.0,24.73,61.04,82,11.01,0
222,Kemi,65.74,24.56,24.8,92,6.93,8
223,Busselton,-33.64,115.35,62.84,100,10.22,8
224,Fairbanks,64.84,-147.72,41.0,40,9.17,75
225,Lata,30.78,78.62,44.93,86,1.95,56
226,Athabasca,54.72,-113.29,36.56,100,7.76,92
227,Quelimane,-17.88,36.89,78.8,88,2.24,20
228,San Nicolas,14.94,-88.33,80.57,48,2.17,8
229,Morant Bay,17.88,-76.41,82.4,61,19.46,20
230,San Patricio,-26.98,-56.83,67.16,79,4.63,32
231,Shelburne,44.08,-80.2,55.4,75,5.82,90
232,Barao de Melgaco,-16.19,-55.97,77.0,78,5.82,90
233,Victoria,5.28,115.24,82.4,88,4.7,75
234,Bilma,18.69,12.92,72.29,22,3.29,0
235,Kandalaksha,67.15,32.41,25.04,84,2.06,88
236,Port Lincoln,-34.72,135.86,64.19,92,15.26,68
237,Novo Aripuana,-5.12,-60.38,81.29,82,3.96,32
238,Magistralnyy,56.17,107.45,13.79,70,2.39,0
239,Magnolia,33.27,-93.24,66.2,100,5.41,90
240,Flinders,-34.58,150.85,73.0,77,6.93,0
241,Beyneu,45.32,55.19,48.53,69,13.47,88
242,Hendek,40.8,30.75,46.4,100,3.36,75
243,Coachella,33.68,-116.18,86.0,19,4.7,1
244,Vigeland,58.46,8.52,41.0,93,4.7,0
245,Rio Grande,-32.03,-52.1,69.41,97,12.35,88
246,Port Hedland,-20.31,118.58,77.0,53,10.29,0
247,Naze,5.43,7.07,77.0,94,3.18,75
248,Praia,-20.25,-43.81,73.4,83,3.36,0
249,Kachug,53.96,105.89,12.44,72,2.62,0
250,Hauterive,46.09,3.45,50.0,75,4.7,0
251,Hami,42.84,93.51,52.58,54,1.72,80
252,Gamba,28.28,88.52,10.73,75,2.84,76
253,Kapuskasing,49.42,-82.43,35.6,47,5.82,40
254,Upernavik,72.79,-56.15,29.27,74,13.69,0
255,Maloy,1.0,118.1,80.39,80,2.73,20
256,Ambon,47.55,-2.56,48.2,93,11.41,75
257,Tilichiki,60.47,166.1,30.71,93,4.07,0
258,Klyuchi,52.25,79.17,31.34,81,9.78,36
259,Bismarck,46.81,-100.78,51.01,100,6.93,90
260,Oshnaviyeh,37.04,45.1,39.2,80,4.7,20
261,Lavrentiya,65.58,-170.99,14.24,100,8.99,24
262,Cervo,-22.19,-46.24,67.16,97,2.73,48
263,Kawalu,-7.38,108.21,69.59,99,1.28,88
264,Miraflores,5.2,-73.14,55.37,100,1.95,76
265,Laguna,27.52,-110.01,82.4,26,12.75,5
266,Bambanglipuro,-7.95,110.28,74.36,100,3.96,100
267,Tommot,58.97,126.27,27.2,63,3.62,64
268,Paciran,-6.9,112.33,76.25,98,4.74,8
269,Oktyabrskoye,56.73,85.44,33.01,71,4.47,75
270,Normandin,48.84,-72.53,35.6,93,8.05,75
271,Gigmoto,13.78,124.39,79.04,100,4.52,56
272,Vestmannaeyjar,63.44,-20.27,37.73,94,15.03,80
273,Anori,-3.74,-61.66,85.07,63,5.97,8
274,Souillac,45.6,-0.6,45.0,100,3.36,20
275,Mackay,53.65,-115.58,46.4,61,13.87,75
276,Kandry,54.55,54.1,29.63,84,8.21,0
277,Nyaunglebin,17.95,96.73,73.46,83,3.4,0
278,Buala,-8.15,159.59,87.05,82,2.95,36
279,Merauke,-8.49,140.4,82.19,100,5.75,48
280,Muyezerskiy,63.93,31.65,24.5,75,2.62,36
281,La Romana,18.43,-68.97,78.8,83,9.17,40
282,Luderitz,-26.65,15.16,57.26,90,9.55,68
283,Mitu,36.2,46.09,33.5,100,2.62,8
284,Bria,6.54,21.99,82.01,38,11.45,48
285,Chapais,49.78,-74.86,28.4,50,10.29,0
286,Comodoro Rivadavia,-45.87,-67.48,62.6,72,1.12,0
287,Dzhebariki-Khaya,62.22,135.8,30.71,66,3.4,0
288,Senno,57.76,27.95,39.2,60,6.71,64
289,Nemuro,43.32,145.57,35.39,91,6.76,0
290,Orlik,52.51,99.83,6.32,63,1.95,64
291,Chaves,41.74,-7.47,42.01,95,2.62,76
292,Sao Filipe,14.9,-24.5,71.39,94,16.15,0
293,Vestmanna,62.16,-7.17,41.0,100,12.75,36
294,Ribeira Grande,38.52,-28.7,59.24,100,26.11,68
295,Oregon City,45.36,-122.61,59.0,76,16.11,75
296,Mehamn,71.03,27.85,28.46,88,12.24,76
297,Ahipara,-35.17,173.16,65.72,82,11.01,12
298,Hualmay,-11.1,-77.61,69.41,86,4.74,36
299,Zheleznodorozhnyy,55.75,38.0,37.0,92,4.47,20
300,Ossora,59.24,163.07,27.74,99,3.62,8
301,Srednekolymsk,67.46,153.71,15.23,80,3.18,0
302,Port Blair,11.67,92.75,83.18,100,4.18,0
303,Bara,10.41,10.6,86.33,47,14.25,8
304,Tazovskiy,67.47,78.7,22.52,86,14.81,44
305,Mount Isa,-20.73,139.49,80.6,47,9.17,75
306,Solana Beach,32.99,-117.27,68.0,68,10.29,1
307,Belaya Gora,68.54,146.19,22.34,100,4.07,68
308,Itaituba,-4.26,-55.99,77.69,91,2.73,24
309,Norman Wells,65.28,-126.83,28.4,63,13.87,40
310,Vardo,39.62,-77.74,66.2,42,1.83,1
311,Poum,41.28,20.71,34.31,91,1.95,0
312,San Francisco,37.78,-122.42,68.0,87,10.29,90
313,Saint-Joseph,43.56,6.97,46.4,87,8.05,90
314,Los Llanos de Aridane,28.66,-17.92,62.6,63,5.82,20
315,Tari,12.41,4.49,84.98,49,11.12,56
316,Cayenne,4.94,-52.33,77.0,88,5.82,75
317,Goderich,43.74,-81.71,50.0,78,1.01,0
318,Staryy Nadym,65.61,72.68,26.12,88,18.05,0
319,Romitan,39.93,64.38,57.2,76,13.87,0
320,Alofi,-19.06,-169.92,86.0,79,9.17,92
321,Monte Alegre de Sergipe,-10.03,-37.56,76.16,78,10.33,12
322,Saint-Doulchard,47.1,2.37,46.99,81,3.36,0
323,Noumea,-22.28,166.46,71.6,78,17.22,44
324,Yenagoa,4.92,6.26,77.42,90,5.64,0
325,Nicolas Bravo,24.39,-104.74,77.0,6,18.34,5
326,Aksarka,66.56,67.8,23.87,78,18.05,0
327,Taitung,22.76,121.15,71.6,83,4.7,0
328,Vila Franca do Campo,37.72,-25.43,60.8,87,20.8,40
329,Cherdyn,60.4,56.48,20.99,75,6.08,0
330,Faanui,-16.48,-151.75,85.52,97,16.15,88
331,Darhan,49.49,105.92,19.01,69,2.95,0
332,Teguldet,57.31,88.17,29.81,91,6.76,92
333,Waingapu,-9.65,120.26,79.04,83,9.22,44
334,Kahului,20.89,-156.47,84.2,51,11.41,40
335,San Juan,-31.54,-68.53,61.58,59,1.39,0
336,Kuliyapitiya,7.47,80.04,80.6,78,3.36,75
337,Kholmogory,64.23,41.65,26.6,92,3.18,0
338,Ulagan,50.63,87.96,18.56,73,3.51,44
339,Godda,24.83,87.21,67.61,98,5.75,88
340,Namibe,-15.19,12.15,78.14,100,6.98,0
341,Miles City,46.41,-105.84,68.0,30,16.11,20
342,San Cristobal,-0.39,-78.55,60.8,77,11.41,75
343,Kaeo,-35.1,173.78,66.99,59,13.0,8
344,Caramay,10.18,119.24,82.46,96,5.75,12
345,Inirida,3.87,-67.92,80.93,76,2.95,8
346,Seoul,37.57,126.98,50.0,93,3.36,90
347,Tambo Grande,-3.58,-79.83,89.6,58,4.7,40
348,Zharkovskiy,55.85,32.27,30.62,80,2.95,12
349,Mpika,-11.84,31.4,64.82,85,7.76,76
350,Santa Maria,-29.69,-53.81,69.8,83,2.24,75
351,Katsuura,33.93,134.5,60.01,66,4.7,75
352,Garden City,40.73,-73.63,64.4,39,5.82,1
353,Smolenka,54.15,22.76,40.52,61,10.78,56
354,Cururupu,-1.82,-44.87,73.64,100,3.4,92
355,Airai,-8.93,125.41,76.88,67,1.95,0
356,San Andres,13.32,122.68,81.38,100,7.54,64
357,Leningradskiy,69.38,178.42,6.86,94,11.9,12
358,Sorland,67.67,12.69,37.64,100,24.87,12
359,Muros,42.77,-9.06,51.01,93,2.24,40
360,Irece,-11.3,-41.86,71.12,88,4.29,44
361,Apiai,-24.51,-48.84,70.22,94,2.28,92
362,Maraa,-1.83,-65.37,80.21,92,1.83,24
363,Ilulissat,69.22,-51.1,39.2,44,32.21,68
364,Hambantota,6.12,81.12,80.48,100,6.76,0
365,Akureyri,65.68,-18.09,30.2,80,5.82,0
366,Alta Floresta,-9.87,-56.08,77.0,94,3.36,75
367,Narsaq,60.91,-46.05,33.8,80,8.05,36
368,Buraydah,26.33,43.97,73.4,64,6.93,20
369,Manavalakurichi,8.13,77.3,84.2,79,5.82,20
370,Northam,51.04,-4.21,48.99,87,12.75,20
371,Calvia,39.57,2.51,55.99,76,12.75,20
372,Maues,-3.38,-57.72,79.49,88,3.51,32
373,Taltal,-25.41,-70.49,57.71,77,0.94,0
374,Beoumi,7.67,-5.58,82.4,74,6.93,44
375,Garmsar,35.22,52.34,46.46,66,4.18,24
376,Camden,39.94,-75.12,66.2,51,3.62,75
377,La Ronge,55.1,-105.3,39.2,51,13.87,90
378,Namatanai,-3.66,152.44,82.91,99,2.95,32
379,Barcelona,41.38,2.18,54.0,71,9.17,20
380,Lichinga,-13.3,35.25,61.76,91,5.19,8
381,Waipawa,-39.94,176.59,54.0,91,4.97,92
382,Tura,25.52,90.21,65.09,94,5.75,92
383,Fortuna,38.18,-1.13,55.4,54,8.05,20
384,Aykhal,65.95,111.51,21.71,80,11.34,68
385,Mumford,5.26,-0.76,81.2,87,11.12,8
386,Palmer,-34.85,139.16,64.99,67,10.29,20
387,Arman,59.7,150.17,35.75,67,3.85,0
388,Hayden,47.77,-116.79,54.0,81,9.17,75
389,Road Town,18.42,-64.62,78.8,65,11.41,40
390,Karratha,-20.74,116.85,77.96,27,7.99,0
391,Kantabanji,20.47,82.92,61.94,92,1.16,0
392,Okhotsk,59.36,143.24,39.53,70,4.41,24
393,Trinidad,-33.52,-56.9,57.53,78,1.61,48
394,Mizan Teferi,6.99,35.58,62.48,80,3.74,8
395,Sinnamary,5.38,-52.96,78.32,100,12.68,100
396,Shangrao,28.45,117.97,63.38,77,4.29,0
397,Alto Araguaia,-17.32,-53.22,70.04,96,4.85,100
398,Mount Gambier,-37.83,140.78,51.8,81,12.75,90
399,Starominskaya,46.54,39.06,44.39,81,11.45,0
400,Saint-Georges,46.12,-70.67,37.99,82,3.0,56
401,Davila,18.47,120.58,77.0,88,4.7,20
402,Aksarayskiy,46.79,48.01,50.0,93,8.95,90
403,Ostrogozhsk,50.86,39.08,30.26,76,2.73,0
404,Alyangula,-13.85,136.42,77.0,100,5.82,75
405,Brindisi,40.63,17.94,57.0,93,3.36,90
406,Hervey Bay,-25.3,152.85,82.99,57,9.17,40
407,Mattru,7.62,-11.83,79.22,88,4.29,24
408,Amontada,-3.36,-39.83,69.14,95,0.16,92
409,Fulton,43.32,-76.42,53.6,57,6.93,90
410,Campbell River,50.02,-125.24,48.99,87,17.22,75
411,Solnechnyy,50.72,136.64,31.61,84,7.76,76
412,Molochnoye,44.91,34.04,36.2,80,2.95,0
413,Harrogate,53.99,-1.54,46.99,87,6.93,8
414,Daru,7.99,-10.85,77.96,82,7.2,0
415,Mahibadhoo,3.78,72.97,83.36,100,2.28,44
416,Virginia Beach,36.85,-75.98,60.01,87,5.82,75
417,Kampong Chhnang,12.25,104.67,75.44,93,5.75,92
418,Roald,62.58,6.12,39.99,97,14.99,20
419,Djougou,9.71,1.67,83.18,61,12.35,64
420,Luanda,-8.83,13.24,82.4,88,4.7,75
421,Lebanon,43.64,-72.25,50.0,57,6.93,40
422,Bondoukou,8.04,-2.8,80.03,81,9.44,12
423,Rorvik,64.86,11.24,39.99,83,1.99,0
424,Puerto Escondido,15.86,-97.07,84.2,70,16.11,20
425,Bose,45.46,8.01,53.01,100,4.7,75
426,West Wendover,40.74,-114.07,62.6,23,14.99,40
427,Copiapo,-27.37,-70.33,60.8,82,5.82,0
428,Amot,59.57,7.99,35.01,91,2.17,0
429,Eydhafushi,5.1,73.07,84.44,100,5.41,48
430,Ayr,55.46,-4.63,46.4,93,5.82,75
431,Canon City,39.46,-117.13,51.59,34,5.41,12
432,Kloulklubed,7.04,134.26,77.0,94,13.87,90
433,San Policarpo,12.18,125.51,79.58,96,8.43,68
434,Champerico,16.38,-93.6,91.4,38,14.99,40
435,Sangar,63.92,127.47,27.11,66,4.97,12
436,Dongsheng,29.72,112.52,68.24,81,11.45,0
437,Martil,35.62,-5.28,59.0,71,11.41,88
438,Colac,-38.34,143.59,55.99,87,5.53,0
439,North Bend,43.41,-124.22,57.2,82,17.22,90
440,Nelson Bay,-32.72,152.14,78.01,78,4.7,0
441,Grindavik,63.84,-22.43,39.99,74,4.7,0
442,Mount Pleasant,33.16,-94.97,66.2,82,19.46,40
443,Ironton,38.54,-82.68,71.6,48,2.28,1
444,Chai Badan,15.2,101.13,76.34,83,3.4,8
445,Anadyr,64.73,177.51,8.6,78,15.66,0
446,Frontera,18.53,-92.64,91.4,49,8.05,5
447,Moose Factory,51.26,-80.61,15.8,78,12.75,1
448,Verkhoyansk,67.55,133.39,22.79,79,3.96,20
449,Abyek,36.04,50.53,50.0,87,4.7,0
450,Preston,53.76,-2.71,48.2,76,3.36,75
451,Dombarovskiy,50.76,59.54,23.69,74,5.19,0
452,Panacan,7.15,125.66,78.8,94,3.36,75
453,Borogontsy,62.67,131.17,28.82,71,3.74,0
454,Anton Lizardo,19.05,-95.98,80.6,78,10.29,75
455,Stolin,51.89,26.85,48.26,47,12.68,92
456,Macamic,48.75,-79.0,33.8,69,8.05,75
457,Teya,21.05,-89.07,96.8,30,20.8,40
458,Pak Phanang,8.35,100.2,77.0,94,7.2,20
459,Half Moon Bay,37.46,-122.43,69.8,55,9.17,75
460,Vao,59.1,26.19,32.78,67,6.76,0
461,Milcoiu,45.04,24.47,45.83,59,7.76,32
462,Geraldton,49.72,-86.95,39.2,55,4.7,75
463,Port-Gentil,-0.72,8.78,82.4,83,6.93,20
464,Bulungu,-4.54,18.6,74.99,92,3.74,64
465,Murgab,37.5,61.97,62.6,72,9.17,75
466,Gandorhun,8.44,-10.86,75.26,88,6.31,0
467,Maldonado,-34.91,-54.96,59.0,82,3.36,0
468,Havoysund,71.0,24.66,28.4,86,25.28,68
469,Gewane,10.16,40.66,65.45,93,3.06,20
470,Bodden Town,19.28,-81.25,82.4,74,10.29,20
471,Portland,45.52,-122.67,59.0,62,12.75,90
472,Vista Hermosa,17.8,-97.76,66.08,72,4.07,56
473,Mayumba,-3.44,10.65,79.22,100,5.97,92
474,Marawi,8.0,124.29,78.01,87,5.99,64
475,Tabuny,52.78,78.79,33.32,78,10.45,24
476,Prainha,-1.8,-53.48,79.67,82,4.97,48
477,Coxim,-18.5,-54.75,71.66,86,8.99,56
478,Soyo,-6.13,12.37,80.93,90,3.18,88
479,Almaznyy,48.03,40.04,42.8,70,8.95,0
480,Khani,41.96,42.96,50.0,87,4.7,0
481,Tigil,57.8,158.67,31.34,91,7.99,0
482,Shache,38.42,77.24,53.12,24,15.26,0
483,Krasnyy Chikoy,50.36,108.75,18.38,54,2.28,0
484,Algiers,29.94,-90.04,80.6,69,19.46,40
485,Parnamirim,-5.92,-35.27,82.4,78,5.82,40
486,Talladega,33.44,-86.11,75.2,78,3.36,40
487,Ballina,54.11,-9.15,45.0,89,3.4,24
488,Teluknaga,-6.1,106.64,84.0,83,4.7,20
489,Bogalusa,30.79,-89.85,80.6,65,6.93,1
490,Pacific Grove,36.62,-121.92,68.0,59,9.17,40
491,Saravena,6.96,-71.88,77.24,61,1.72,0
492,Rudnogorsk,57.27,103.75,19.64,59,4.41,0
493,Gat,14.69,-16.54,80.6,42,6.93,24
494,Karakol,42.49,78.39,28.55,99,1.39,68
495,Narasannapeta,18.42,84.04,68.87,96,1.16,0
496,Deputatskiy,69.3,139.9,21.26,86,3.96,64
497,Nikolayevskaya,43.22,44.21,42.8,81,4.47,88
498,Kingaroy,-26.54,151.84,75.99,100,4.74,40
499,Nantucket,41.28,-70.1,55.4,93,3.36,1
500,Campos Altos,-19.7,-46.17,68.6,93,4.85,56
501,Guarapari,-20.67,-40.5,81.0,88,12.75,20
502,Garowe,8.41,48.48,66.53,94,5.64,0
503,Antequera,-24.09,-57.2,67.52,89,6.08,68
504,Tawau,4.26,117.89,78.8,88,1.12,75
505,Lockport,50.09,-96.94,46.4,61,13.87,75
506,Lagoa,37.14,-8.45,57.2,71,11.41,40
507,Iranshahr,27.21,60.69,62.84,50,3.51,0
508,Sawakin,19.1,37.33,62.66,100,4.41,0
509,Ponta Delgada,37.73,-25.67,60.8,87,20.8,40
510,La Reforma,14.8,-91.82,87.8,69,6.93,75
511,Montevideo,44.94,-95.72,57.2,87,6.93,90
512,Khatassy,61.91,129.64,30.2,50,11.18,0
513,Umea,63.83,20.26,32.0,90,3.36,0
514,Richards Bay,-28.77,32.06,63.11,98,5.97,24
515,Ciudad Bolivar,8.12,-63.55,83.54,57,18.05,0
516,Khandbari,27.38,87.21,36.38,85,1.61,48
517,Suzun,53.78,82.32,30.26,87,8.32,76
518,Bud,62.91,6.91,41.0,69,9.17,56
519,Galle,29.74,-97.91,84.2,94,13.87,75
520,Vodnyy,63.51,53.41,21.08,79,4.41,0
521,La Rioja,-29.41,-66.86,64.1,75,1.39,0
522,Port Augusta,-32.49,137.76,66.99,77,3.36,0
523,Evensk,61.92,159.24,37.28,76,8.99,0
524,Samarai,-10.62,150.67,76.79,100,2.73,92
525,Skibotn,69.39,20.27,30.2,80,19.46,90
526,Tiszadob,48.01,21.17,48.2,93,4.7,75
527,Saint-Augustin,44.83,-0.61,45.0,93,2.24,68
528,Abha,18.22,42.5,62.6,59,11.41,0
529,Vytegra,61.01,36.45,30.26,77,7.76,20
530,Caceres,5.53,-74.53,73.19,80,1.5,56
531,Billings,45.79,-108.5,62.6,23,31.09,75
532,Santa Rita,10.21,-67.56,73.19,80,3.74,0
533,Cockburn Town,21.46,-71.14,78.41,98,20.18,92
534,Kapit,2.02,112.94,75.62,95,2.84,88
535,Dudinka,69.41,86.18,17.21,87,12.8,76
536,Kerema,-7.96,145.78,83.81,71,1.83,44
537,Ban Nahin,18.24,104.21,73.64,89,2.17,8
538,Duyun,26.27,107.52,52.31,100,3.51,64
539,Byron Bay,-28.65,153.62,80.01,61,6.93,0
540,Posse,-14.08,-46.36,72.2,87,3.4,8
541,Trincomalee,8.58,81.23,72.38,92,3.18,0
542,Unity,52.44,-109.15,56.36,44,16.26,64
543,Roebourne,-20.77,117.15,77.96,27,7.99,0
544,Yabassi,4.46,9.97,78.8,100,8.05,75
545,Huangchuan,24.57,102.46,62.01,70,6.71,0
546,Tenenkou,14.46,-4.91,83.45,29,15.26,0
547,Ust-Omchug,61.13,149.63,24.32,82,3.51,32
548,Mala,-12.66,-76.63,68.24,93,4.97,24
549,Ugoofaaru,5.67,73.0,84.44,100,5.41,48
550,Blyth,55.12,-1.5,46.0,93,5.82,75
